--
-- Volcado de datos para la tabla `ronda`
--

INSERT INTO `ronda` (`idronda`, `nombre_ronda`, `puntaje`) VALUES
(1, 'ronda_1', '10'),
(2, 'ronda_2', '20'),
(3, 'ronda_3', '30'),
(4, 'ronda_4', '40'),
(5, 'ronda_5', '100');

--
-- Volcado de datos para la tabla `categoria`
--

INSERT INTO `categoria` (`idcategoria`, `dificultad`, `ronda_idronda`) VALUES
(1, 'baja', 1),
(2, 'baja-media', 2),
(3, 'media', 3),
(4, 'media-alta', 4),
(5, 'alta', 5);


--
-- Volcado de datos para la tabla `pregunta`
--

INSERT INTO `pregunta` (`idpregunta`, `pregunta`, `categoria_idcategoria`) VALUES
(1, '¿cuánto es 2 ^ 3?', 1),
(2, '¿Cuánto dura la traslación de la tierra?', 1),
(3, '¿Cuáles eran las tres grandes familias nativa?', 1),
(4, '¿Cuál es la forma de gobierno de Colombia?', 1),
(5, '¿Cuál es el departamento más poblado de Colombia?', 1),
(6, '¿Con qué océanos limita Colombia?', 2),
(7, '¿De qué artista colombiano es la obra La Mona Lisa a los 12 años?', 2),
(8, '¿Qué cordillera atraviesa el territorio colombiano?', 2),
(9, '¿Cuál es la montaña más alta de Colombia?', 2),
(10, '¿Cuál es el principal puerto marítimo de Colombia?', 2),
(11, '¿Cuál es la flor nacional de Colombia?', 3),
(12, '¿Qué colombiano escribió la famosa novela romantica María?', 3),
(13, '¿Cuál ha sido el único literato Colombiano galardonado con los premios Cervantes y Príncipe de Asturias? ', 3),
(14, '¿Quién comandó la primera expedición a lo que hoy es Colombia en 1499?', 3),
(15, '¿Quién fundó la ciudad Santa Fe de Bogotá?', 3),
(16, '¿En qué municipio se encuentra la catarata del Salto del Tequendama?', 4),
(17, '¿Qué capitanía del Virreinato de Perú gobernaba sobre el actual territorio colombiano?', 4),
(18, '¿Cuáles son las 6 regiones naturales de Colombia?', 4),
(19, ' ¿Quién propuso el nombre “Colombia” aludiendo a Cristóbal Colón?', 4),
(20, '¿Qué estado conformó Colombia junto con Venezuela, Ecuador y Panamá (1819-1831)? ', 4),
(21, '¿Con qué país conformó Colombia la República de Nueva Granada (1832-1858)? ', 5),
(22, '¿Cómo pasó a llamarse Colombia tras la Constitución de Rionegro? ', 5),
(23, '¿Qué confrontación surge en reacción a la presidencia conservadora de Manuel Antonio Sanclemente?', 5),
(24, '¿Qué río situado en la serranía de la Macarena posee un lecho que cambia de color?', 5),
(25, '¿En qué ciudad colombiana se encuentra la Ciudad Perdida?', 5);


--
-- Volcado de datos para la tabla `respuesta`
--

INSERT INTO `respuesta` (`idrespuesta`, `respuesta_pregunta`, `valida`, `pregunta_idpregunta`) VALUES
(1, 'Equivale a 6', 0, 1),
(2, 'Equivale a 12', 0, 1),
(3, 'Equivale a 8', 1, 1),
(4, 'Equivale a 4', 0, 1),
(5, 'Demora 386 días', 0, 2),
(6, 'Demora 367 días', 0, 2),
(7, 'Demora 365 días', 1, 2),
(8, 'Demora 405 días', 0, 2),
(9, 'Los Caribes, los Arawaks y los Muiscas', 1, 3),
(10, 'Los Wayú, kogui, arhuaco', 0, 3),
(11, 'Los  zenú, motilón barí, tulé, emberá chami', 0, 3),
(12, 'Los chimila, arzario, yuco yukpa', 0, 3),
(13, 'República comunista', 0, 4),
(14, 'República presidencialista', 1, 4),
(15, 'República organizacional', 0, 4),
(16, 'República gubernamental', 0, 4),
(17, 'Caldas, con 5 millones de habitantes', 0, 5),
(18, 'Bolivar, con 12  millones de habitantes', 0, 5),
(19, 'Cundinamarca, con más de 8 millones de habitantes', 1, 5),
(20, 'Caquetá, con 9 millones de habitantes', 0, 5),
(21, 'Con el ártico e Indico', 0, 6),
(22, 'Con el Antártico y Atlántico', 0, 6),
(23, 'Con el Pacífico y el Atlántico a través del Mar Caribe', 1, 6),
(24, 'Con el Indico y el Pacifico', 0, 6),
(25, 'De Sebastián Vergara', 0, 7),
(26, 'De Camilo Mercado', 0, 7),
(27, 'De Fernando Botero', 1, 7),
(28, 'De Santo Gómez', 0, 7),
(29, 'La cordillera Occidental', 0, 8),
(30, 'La Cordillera de los Andes', 1, 8),
(31, 'La cordillera Oriental', 0, 8),
(32, 'La cordillera Central', 0, 8),
(33, 'El Nevado del Huila', 0, 9),
(34, 'El pico Cristóbal Colón', 1, 9),
(35, 'El Nevado del Tolima', 0, 9),
(36, 'El nevado de Santa Isabel', 0, 9),
(37, 'El puerto de Buenaventura', 1, 10),
(38, 'El puerto de Sincelejo', 0, 10),
(39, 'El puerto de Barranquilla', 0, 10),
(40, 'El puerto de Santa Marta', 0, 10),
(41, 'La Heliconia', 0, 11),
(42, 'La orquídea', 1, 11),
(43, 'La Heliconia Ave del Paraíso', 0, 11),
(44, 'La Begonia Tuberosa', 0, 11),
(45, 'Esteban Gómez', 0, 12),
(46, 'Gina Ramos', 0, 12),
(47, 'Jorge Isaacs', 1, 12),
(48, 'Jorge Isaac', 0, 12),
(49, 'Rafael Pombo', 0, 13),
(50, 'Gabriel García Márquez', 1, 13),
(51, 'Miguel De Cervante', 0, 13),
(52, 'Laura Restrepo', 0, 13),
(53, 'Alonso de Ojeda', 1, 14),
(54, 'Esteban Farrayans', 0, 14),
(55, 'Luisa Fernanda Ramos', 0, 14),
(56, 'Girlesa Gómez', 0, 14),
(57, 'Vanessa Romero García', 0, 15),
(58, 'Gonzalo Jiménez de Quesada', 1, 15),
(59, 'José Ferrer', 0, 15),
(60, 'Viviana Gil', 0, 15),
(61, 'Medellin', 0, 16),
(62, 'Monteria', 0, 16),
(63, 'En Soacha', 1, 16),
(64, 'Caucasia', 0, 16),
(65, 'La patria boba', 0, 17),
(66, 'La capitanía de Nueva Granada', 1, 17),
(67, 'La revolucion Francesa', 0, 17),
(68, 'La guerra fria', 0, 17),
(69, 'La región amazónica, andina, caribe, insular, orinoquía y pacífica', 1, 18),
(70, 'La región amazónica, caribe, caribe y orinoquía', 0, 18),
(71, 'La region Indica, andina, caribe, insular, orinoquía y amazónica', 0, 18),
(72, 'La región amazónica, caribe, indica e insular', 0, 18),
(73, 'Francisco de Miranda', 0, 19),
(74, 'José Francisco Genes', 0, 19),
(75, 'Simón Bolívar, en la carta de Jamaica', 1, 19),
(76, 'Ricardo Acevedo Bernal', 0, 19),
(77, 'La Colombia grande', 0, 20),
(78, 'La Nueva Granada', 0, 20),
(79, 'La Gran Colombia, cuyo nombre oficial era República de Colombia', 1, 20),
(80, 'La patria boba', 0, 20),
(81, 'Con México', 0, 21),
(82, 'Con Panamá', 1, 21),
(83, 'Con Argentina', 0, 21),
(84, 'Con USA', 0, 21),
(85, 'Estados Unidos de Colombia', 1, 22),
(86, 'Colombia la Grande', 0, 22),
(87, 'Colombia de Bogotá', 0, 22),
(88, 'Usa de Colombia', 0, 22),
(89, 'La guerra de los 3mil días', 0, 23),
(90, 'La Guerra de los Mil Días', 1, 23),
(91, 'La guerra grande', 0, 23),
(92, 'La segunda guerra mundial', 0, 23),
(93, 'El río de los cinco colores', 1, 24),
(94, 'El rio Cauca', 0, 24),
(95, 'El rio Nilo', 0, 24),
(96, 'El rio Verde', 0, 24),
(97, 'En Manizales', 0, 25),
(98, 'En Santa Marta', 1, 25),
(99, 'En Bogotá', 0, 25),
(100, 'En Cartagena', 0, 25);
